sujet,date,statut
Quand l'abstraction géométrique est-elle devenue un mouvement distinct en peinture ?,2025-10-15T15:00:08.980575,succès
Pourquoi Kandinsky considérait-il le triangle comme la forme la plus spirituelle ?,2025-10-17T09:38:28.080030,succès
Comment les mathématiciens ont-ils influencé l'art abstrait du début du XXe siècle ?,2025-10-21T09:39:42.732989,succès
Quelle est la différence entre abstraction lyrique et abstraction géométrique ?,2025-10-24T09:39:10.950942,succès
Pourquoi le Bauhaus a-t-il révolutionné l'approche de l'abstraction ?,2025-10-28T07:35:07.046446,succès
Comment reconnaître un tableau du Suprématisme russe ?,2025-11-04T07:35:22.653821,succès
Quelle technique Paul Klee utilisait-il pour construire ses compositions abstraites ?,2025-11-11T07:36:28.684293,succès
Pourquoi les artistes néerlandais ont-ils été pionniers de l'abstraction géométrique ?,2025-11-18T07:19:13.176488,succès
"Quelle est l'origine du terme ""art non-figuratif"" ?",2025-11-25T07:20:16.774056,succès
"Pourquoi l'abstraction était-elle considérée comme un art ""dégénéré"" dans l'Allemagne nazie ?",2025-12-02T07:21:48.388873,succès
Comment les artistes abstraits choisissaient-ils leurs palettes de couleurs ?,2025-12-09T07:22:01.707913,succès
